date,sfu
20050101,95.6
20050102,96.7
20050103,91.0
20050104,85.1
20050105,85.3
20050106,80.4
20050107,80.7
20050108,85.6
20050109,84.6
20050110,87.1
20050111,91.1
20050112,98.8
20050113,111.9
20050114,125.6
20050115,140.2
20050116,139.8
20050117,133.1
20050118,120.3
20050119,128.3
20050120,118.8
20050121,109.9
20050122,99.1
20050123,92.8
20050124,91.7
20050125,91.2
20050126,86.6
20050127,84.3
20050128,82.4
20050129,83.9
20050130,82.9
20050131,83.6
20050201,81.3
20050202,79.4
20050203,80.7
20050204,79.8
20050205,92.0
20050206,94.3
20050207,100.3
20050208,105.4
20050209,105.8
20050210,111.1
20050211,111.2
20050212,113.5
20050213,112.7
20050214,115.2
20050215,118.7
20050216,110.2
20050217,108.8
20050218,101.8
20050219,96.3
20050220,93.6
20050221,92.5
20050222,90.4
20050223,82.8
20050224,78.6
20050225,76.7
20050226,75.1
20050227,74.4
20050228,73.6
20050301,72.4
20050302,73.4
20050303,75.7
20050304,77.7
20050305,79.9
20050306,82.3
20050307,85.7
20050308,92.2
20050309,98.5
20050310,100.3
20050311,103.6
20050312,108.8
20050313,112.5
20050314,110.3
20050315,107.0
20050316,103.6
20050317,100.4
20050318,95.7
20050319,92.2
20050320,88.3
20050321,89.1
20050322,86.7
20050323,87.1
20050324,86.6
20050325,81.7
20050326,77.4
20050327,78.1
20050328,79.4
20050329,78.6
20050330,77.5
20050331,76.5
20050401,78.2
20050402,80.2
20050403,81.1
20050404,84.9
20050405,88.5
20050406,88.2
20050407,88.0
20050408,87.9
20050409,88.8
20050410,88.6
20050411,87.9
20050412,85.3
20050413,84.0
20050414,86.0
20050415,85.5
20050416,83.6
20050417,84.2
20050418,82.0
20050419,78.9
20050420,77.8
20050421,77.9
20050422,78.1
20050423,80.2
20050424,83.2
20050425,87.1
20050426,92.1
20050427,96.6
20050428,99.4
20050429,106.5
20050430,108.0
20050501,113.4
20050502,114.0
20050503,114.2
20050504,110.6
20050505,111.0
20050506,112.4
20050507,101.8
20050508,103.2
20050509,112.2
20050510,121.6
20050511,127.9
20050512,119.9
20050513,128.6
20050514,101.7
20050515,105.2
20050516,101.4
20050517,92.0
20050518,85.8
20050519,86.7
20050520,85.6
20050521,83.9
20050522,84.2
20050523,85.5
20050524,87.4
20050525,86.0
20050526,92.8
20050527,98.1
20050528,95.1
20050529,95.3
20050530,97.5
20050531,99.0
20050601,96.9
20050602,96.0
20050603,98.0
20050604,99.8
20050605,108.6
20050606,109.2
20050607,112.4
20050608,119.3
20050609,119.7
20050610,117.9
20050611,111.4
20050612,106.3
20050613,94.7
20050614,96.8
20050615,97.5
20050616,101.3
20050617,93.7
20050618,92.9
20050619,89.8
20050620,88.9
20050621,85.5
20050622,82.1
20050623,80.1
20050624,79.2
20050625,79.3
20050626,81.3
20050627,80.0
20050628,82.6
20050629,91.9
20050630,105.9
20050701,118.5
20050702,128.0
20050703,134.1
20050704,127.8
20050705,131.0
20050706,127.2
20050707,129.1
20050708,114.2
20050709,110.2
20050710,105.2
20050711,96.4
20050712,98.5
20050713,94.8
20050714,92.9
20050715,90.1
20050716,78.8
20050717,76.5
20050718,74.4
20050719,73.5
20050720,74.4
20050721,75.2
20050722,75.9
20050723,82.7
20050724,82.8
20050725,86.5
20050726,89.2
20050727,93.4
20050728,98.7
20050729,106.9
20050730,108.2
20050731,113.1
20050801,114.6
20050802,113.5
20050803,112.2
20050804,109.2
20050805,101.7
20050806,96.1
20050807,94.9
20050808,88.9
20050809,84.7
20050810,78.3
20050811,77.9
20050812,78.3
20050813,77.4
20050814,76.7
20050815,77.7
20050816,77.7
20050817,78.9
20050818,84.7
20050819,95.3
20050820,100.4
20050821,100.8
20050822,107.2
20050823,109.3
20050824,100.7
20050825,94.4
20050826,95.2
20050827,94.0
20050828,91.6
20050829,90.9
20050830,87.6
20050831,85.6
20050901,80.6
20050902,78.5
20050903,75.4
20050904,75.8
20050905,76.2
20050906,84.7
20050907,93.6
20050908,95.5
20050909,100.6
20050910,117.6
20050911,111.1
20050912,119.5
20050913,115.0
20050914,117.9
20050915,120.6
20050916,112.9
20050917,104.9
20050918,103.2
20050919,91.9
20050920,88.5
20050921,86.7
20050922,84.3
20050923,83.3
20050924,81.9
20050925,81.4
20050926,81.7
20050927,77.2
20050928,74.9
20050929,74.0
20050930,72.4
20051001,72.3
20051002,75.0
20051003,74.4
20051004,82.7
20051005,81.3
20051006,79.4
20051007,78.7
20051008,78.0
20051009,78.7
20051010,78.8
20051011,77.3
20051012,76.5
20051013,77.6
20051014,78.0
20051015,79.1
20051016,78.7
20051017,77.5
20051018,77.7
20051019,77.2
20051020,76.0
20051021,74.6
20051022,74.0
20051023,73.4
20051024,72.5
20051025,72.1
20051026,71.2
20051027,70.7
20051028,72.1
20051029,73.1
20051030,74.5
20051031,76.7
20051101,76.1
20051102,76.8
20051103,75.5
20051104,76.1
20051105,77.9
20051106,80.3
20051107,78.0
20051108,77.9
20051109,76.6
20051110,76.4
20051111,77.0
20051112,81.4
20051113,86.0
20051114,90.4
20051115,97.8
20051116,91.8
20051117,98.2
20051118,98.8
20051119,99.6
20051120,94.1
20051121,92.4
20051122,90.3
20051123,87.5
20051124,84.4
20051125,77.9
20051126,78.7
20051127,78.6
20051128,79.7
20051129,82.4
20051130,92.0
20051201,95.5
20051202,103.3
20051203,98.4
20051204,92.5
20051205,89.0
20051206,86.5
20051207,86.3
20051208,86.9
20051209,86.4
20051210,88.7
20051211,90.2
20051212,85.6
20051213,85.2
20051214,86.8
20051215,84.2
20051216,83.1
20051217,82.5
20051218,82.8
20051219,86.6
20051220,84.9
20051221,83.7
20051222,84.8
20051223,90.1
20051224,88.9
20051225,88.8
20051226,89.5
20051227,89.2
20051228,86.1
20051229,87.4
20051230,86.9
20051231,84.5
20060101,84.5
20060102,81.7
20060103,82.1
20060104,81.2
20060105,80.6
20060106,79.3
20060107,76.6
20060108,75.6
20060109,75.0
20060110,75.2
20060111,74.7
20060112,74.0
20060113,74.0
20060114,74.9
20060115,78.3
20060116,81.1
20060117,79.8
20060118,82.9
20060119,85.8
20060120,87.9
20060121,90.9
20060122,89.9
20060123,89.6
20060124,89.8
20060125,86.3
20060126,84.2
20060127,81.0
20060128,77.6
20060129,77.2
20060130,76.5
20060131,75.3
20060201,75.3
20060202,75.1
20060203,76.4
20060204,74.9
20060205,74.2
20060206,72.9
20060207,72.0
20060208,72.0
20060209,72.8
20060210,73.2
20060211,74.1
20060212,74.1
20060213,74.4
20060214,75.4
20060215,76.6
20060216,77.3
20060217,77.3
20060218,76.7
20060219,74.8
20060220,74.5
20060221,74.2
20060222,74.4
20060223,73.6
20060224,74.4
20060225,74.5
20060226,75.0
20060227,75.5
20060228,75.7
20060301,75.6
20060302,74.7
20060303,74.2
20060304,73.8
20060305,73.0
20060306,72.5
20060307,73.3
20060308,71.3
20060309,71.8
20060310,71.2
20060311,73.1
20060312,72.3
20060313,71.7
20060314,72.8
20060315,73.4
20060316,71.7
20060317,71.3
20060318,71.7
20060319,74.6
20060320,76.2
20060321,76.1
20060322,75.4
20060323,76.1
20060324,75.4
20060325,75.2
20060326,73.3
20060327,74.0
20060328,79.0
20060329,81.5
20060330,83.7
20060331,86.1
20060401,86.9
20060402,91.1
20060403,100.4
20060404,99.6
20060405,99.1
20060406,99.1
20060407,94.7
20060408,91.3
20060409,89.5
20060410,89.1
20060411,90.1
20060412,81.6
20060413,80.5
20060414,79.4
20060415,78.9
20060416,77.0
20060417,78.5
20060418,76.5
20060419,76.5
20060420,79.3
20060421,80.0
20060422,83.2
20060423,87.7
20060424,93.9
20060425,96.3
20060426,101.3
20060427,102.0
20060428,101.5
20060429,102.7
20060430,101.4
20060501,94.8
20060502,90.9
20060503,90.4
20060504,93.4
20060505,88.2
20060506,88.6
20060507,87.8
20060508,86.3
20060509,84.2
20060510,79.8
20060511,77.9
20060512,77.3
20060513,75.0
20060514,73.6
20060515,73.2
20060516,73.1
20060517,73.6
20060518,75.0
20060519,77.1
20060520,78.0
20060521,79.4
20060522,85.1
20060523,86.3
20060524,85.9
20060525,85.9
20060526,83.8
20060527,85.2
20060528,87.0
20060529,83.3
20060530,82.3
20060531,80.6
20060601,79.4
20060602,77.5
20060603,78.1
20060604,77.8
20060605,80.2
20060606,80.3
20060607,85.2
20060608,82.5
20060609,80.0
20060610,78.5
20060611,76.7
20060612,76.5
20060613,79.5
20060614,77.7
20060615,78.8
20060616,77.7
20060617,75.6
20060618,75.7
20060619,75.7
20060620,75.3
20060621,75.1
20060622,74.4
20060623,74.1
20060624,76.1
20060625,76.5
20060626,79.0
20060627,81.2
20060628,86.3
20060629,88.4
20060630,89.0
20060701,88.4
20060702,90.0
20060703,88.8
20060704,95.1
20060705,87.5
20060706,87.9
20060707,82.6
20060708,80.0
20060709,77.1
20060710,75.2
20060711,73.6
20060712,72.9
20060713,72.2
20060714,73.3
20060715,72.6
20060716,73.2
20060717,73.3
20060718,73.6
20060719,73.4
20060720,74.5
20060721,75.0
20060722,75.9
20060723,78.9
20060724,79.5
20060725,77.9
20060726,77.0
20060727,76.7
20060728,74.9
20060729,75.2
20060730,76.2
20060731,74.6
20060801,74.9
20060802,74.3
20060803,73.4
20060804,71.6
20060805,71.5
20060806,71.5
20060807,71.8
20060808,73.4
20060809,76.1
20060810,82.5
20060811,86.2
20060812,87.0
20060813,88.1
20060814,88.6
20060815,87.8
20060816,103.2
20060817,88.0
20060818,90.6
20060819,90.9
20060820,90.2
20060821,89.8
20060822,82.7
20060823,80.1
20060824,79.9
20060825,78.9
20060826,77.3
20060827,80.2
20060828,78.0
20060829,74.4
20060830,75.7
20060831,84.7
20060901,78.3
20060902,76.9
20060903,77.8
20060904,80.3
20060905,81.7
20060906,85.3
20060907,88.1
20060908,88.5
20060909,86.7
20060910,88.5
20060911,85.7
20060912,85.1
20060913,83.9
20060914,83.8
20060915,81.0
20060916,80.1
20060917,78.8
20060918,75.1
20060919,74.0
20060920,71.5
20060921,72.0
20060922,72.9
20060923,70.9
20060924,70.3
20060925,70.6
20060926,71.0
20060927,72.4
20060928,73.3
20060929,76.8
20060930,77.9
20061001,78.6
20061002,78.0
20061003,76.7
20061004,76.7
20061005,77.3
20061006,76.3
20061007,76.4
20061008,75.1
20061009,74.8
20061010,75.0
20061011,73.3
20061012,73.3
20061013,72.9
20061014,72.0
20061015,70.7
20061016,69.1
20061017,69.1
20061018,69.0
20061019,69.0
20061020,70.4
20061021,74.0
20061022,75.1
20061023,75.7
20061024,74.0
20061025,73.9
20061026,71.0
20061027,71.1
20061028,73.7
20061029,72.3
20061030,74.6
20061031,78.9
20061101,85.3
20061102,86.8
20061103,86.0
20061104,84.0
20061105,83.2
20061106,82.1
20061107,85.6
20061108,84.8
20061109,87.7
20061110,89.3
20061111,95.0
20061112,94.7
20061113,93.2
20061114,92.5
20061115,94.0
20061116,92.0
20061117,87.4
20061118,86.8
20061119,82.9
20061120,78.6
20061121,75.6
20061122,74.6
20061123,74.9
20061124,75.5
20061125,76.5
20061126,76.2
20061127,80.2
20061128,83.2
20061129,82.7
20061130,81.8
20061201,81.8
20061202,84.8
20061203,84.6
20061204,93.6
20061205,99.4
20061206,99.7
20061207,92.9
20061208,93.1
20061209,89.6
20061210,87.3
20061211,89.4
20061212,98.9
20061213,90.7
20061214,90.5
20061215,84.4
20061216,79.7
20061217,78.7
20061218,72.3
20061219,70.6
20061220,69.2
20061221,70.0
20061222,70.8
20061223,70.3
20061224,71.1
20061225,73.9
20061226,72.5
20061227,70.9
20061228,73.8
20061229,75.8
20061230,77.4
20061231,80.5
20070101,84.1
20070102,87.0
20070103,84.8
20070104,86.4
20070105,86.5
20070106,84.4
20070107,83.9
20070108,85.1
20070109,89.1
20070110,83.3
20070111,81.2
20070112,81.0
20070113,78.7
20070114,79.4
20070115,79.3
20070116,76.1
20070117,75.6
20070118,74.4
20070119,73.9
20070120,76.3
20070121,76.1
20070122,76.0
20070123,76.8
20070124,77.9
20070125,77.5
20070126,77.3
20070127,78.0
20070128,79.3
20070129,84.1
20070130,84.9
20070131,86.6
20070201,87.3
20070202,87.7
20070203,84.8
20070204,81.3
20070205,80.7
20070206,79.6
20070207,79.8
20070208,76.3
20070209,74.6
20070210,73.9
20070211,72.8
20070212,71.8
20070213,70.9
20070214,70.9
20070215,71.8
20070216,72.9
20070217,73.5
20070218,74.1
20070219,73.2
20070220,73.1
20070221,73.2
20070222,73.9
20070223,73.6
20070224,73.9
20070225,75.1
20070226,73.9
20070227,73.4
20070228,74.4
20070301,73.4
20070302,74.2
20070303,72.0
20070304,71.3
20070305,70.8
20070306,70.8
20070307,71.8
20070308,71.4
20070309,70.6
20070310,70.2
20070311,70.1
20070312,70.3
20070313,70.6
20070314,69.2
20070315,68.5
20070316,68.0
20070317,68.6
20070318,69.8
20070319,69.5
20070320,72.0
20070321,72.3
20070322,72.0
20070323,72.0
20070324,72.4
20070325,73.3
20070326,73.5
20070327,73.0
20070328,74.3
20070329,73.6
20070330,73.9
20070331,73.1
20070401,71.6
20070402,71.1
20070403,70.8
20070404,70.8
20070405,71.0
20070406,71.1
20070407,71.4
20070408,71.3
20070409,70.2
20070410,69.7
20070411,69.5
20070412,68.6
20070413,68.6
20070414,68.6
20070415,69.8
20070416,69.8
20070417,69.8
20070418,69.3
20070419,68.9
20070420,69.1
20070421,69.4
20070422,69.7
20070423,69.8
20070424,74.0
20070425,77.4
20070426,81.5
20070427,83.8
20070428,86.1
20070429,86.0
20070430,88.2
20070501,87.6
20070502,88.8
20070503,84.4
20070504,83.9
20070505,82.4
20070506,79.4
20070507,77.1
20070508,74.7
20070509,73.5
20070510,72.6
20070511,72.9
20070512,72.9
20070513,75.0
20070514,74.4
20070515,78.5
20070516,78.9
20070517,78.3
20070518,77.6
20070519,76.6
20070520,75.9
20070521,75.0
20070522,73.7
20070523,71.9
20070524,71.7
20070525,69.9
20070526,69.5
20070527,68.8
20070528,70.5
20070529,71.5
20070530,72.6
20070531,76.7
20070601,81.6
20070602,85.6
20070603,89.5
20070604,88.2
20070605,83.6
20070606,87.1
20070607,88.1
20070608,86.8
20070609,81.0
20070610,78.2
20070611,75.6
20070612,72.6
20070613,73.1
20070614,70.6
20070615,71.3
20070616,70.2
20070617,68.9
20070618,68.8
20070619,68.5
20070620,67.8
20070621,67.6
20070622,67.5
20070623,68.1
20070624,69.1
20070625,69.8
20070626,72.8
20070627,75.7
20070628,77.4
20070629,77.8
20070630,76.4
20070701,76.8
20070702,75.1
20070703,74.2
20070704,74.9
20070705,73.9
20070706,73.5
20070707,75.5
20070708,77.6
20070709,79.7
20070710,80.8
20070711,81.1
20070712,79.5
20070713,80.6
20070714,78.2
20070715,77.1
20070716,75.3
20070717,74.7
20070718,71.8
20070719,70.5
20070720,69.5
20070721,68.6
20070722,68.3
20070723,69.3
20070724,70.2
20070725,70.8
20070726,70.6
20070727,70.9
20070728,72.1
20070729,71.1
20070730,71.0
20070731,70.1
20070801,70.4
20070802,71.5
20070803,72.4
20070804,71.4
20070805,70.9
20070806,72.0
20070807,71.0
20070808,71.0
20070809,69.3
20070810,69.3
20070811,69.5
20070812,70.0
20070813,69.5
20070814,70.3
20070815,69.3
20070816,69.0
20070817,69.3
20070818,69.6
20070819,69.4
20070820,70.7
20070821,70.9
20070822,71.6
20070823,72.4
20070824,73.2
20070825,73.1
20070826,71.6
20070827,70.7
20070828,71.6
20070829,71.0
20070830,73.0
20070831,72.2
20070901,72.1
20070902,70.6
20070903,69.1
20070904,69.4
20070905,68.8
20070906,67.8
20070907,68.2
20070908,67.6
20070909,67.7
20070910,67.9
20070911,67.0
20070912,66.7
20070913,67.2
20070914,67.6
20070915,68.5
20070916,67.8
20070917,67.6
20070918,67.1
20070919,67.4
20070920,67.4
20070921,67.4
20070922,67.2
20070923,66.8
20070924,66.5
20070925,66.6
20070926,66.8
20070927,67.4
20070928,67.4
20070929,67.8
20070930,65.1
20071001,67.8
20071002,66.5
20071003,67.3
20071004,67.4
20071005,67.8
20071006,68.9
20071007,68.1
20071008,67.9
20071009,68.6
20071010,67.9
20071011,68.6
20071012,68.3
20071013,67.3
20071014,66.7
20071015,66.8
20071016,66.7
20071017,67.0
20071018,67.7
20071019,66.8
20071020,66.3
20071021,66.6
20071022,66.0
20071023,66.4
20071024,66.8
20071025,66.3
20071026,66.7
20071027,66.2
20071028,66.6
20071029,66.2
20071030,66.3
20071031,66.1
20071101,66.3
20071102,66.8
20071103,66.5
20071104,66.5
20071105,66.2
20071106,67.3
20071107,66.9
20071108,68.4
20071109,68.2
20071110,68.4
20071111,67.7
20071112,68.3
20071113,68.4
20071114,68.9
20071115,67.7
20071116,69.1
20071117,68.2
20071118,67.2
20071119,67.9
20071120,68.0
20071121,67.4
20071122,68.0
20071123,68.3
20071124,69.5
20071125,68.8
20071126,69.6
20071127,69.6
20071128,69.3
20071129,69.3
20071130,69.2
20071201,69.9
20071202,71.0
20071203,70.5
20071204,71.5
20071205,73.1
20071206,75.9
20071207,79.8
20071208,84.4
20071209,86.2
20071210,84.3
20071211,90.5
20071212,91.1
20071213,90.9
20071214,89.0
20071215,86.1
20071216,79.1
20071217,76.9
20071218,74.4
20071219,72.1
20071220,70.2
20071221,68.7
20071222,69.1
20071223,69.1
20071224,69.1
20071225,69.7
20071226,70.2
20071227,69.7
20071228,69.5
20071229,70.3
20071230,72.5
20071231,74.2
20080101,76.7
20080102,77.0
20080103,76.7
20080104,76.4
20080105,77.1
20080106,76.6
20080107,75.2
20080108,73.0
20080109,74.0
20080110,73.2
20080111,73.5
20080112,73.2
20080113,72.9
20080114,73.1
20080115,71.3
20080116,70.6
20080117,71.3
20080118,68.8
20080119,68.6
20080120,68.0
20080121,69.3
20080122,68.1
20080123,68.4
20080124,69.1
20080125,68.9
20080126,70.3
20080127,69.8
20080128,69.2
20080129,69.5
20080130,70.6
20080131,69.9
20080201,69.0
20080202,69.8
20080203,69.
20080204,69.3
20080205,68.5
20080206,69.6
20080207,68.9
20080208,69.0
20080209,70.3
20080210,70.7
20080211,70.2
20080212,70.3
20080213,68.7
20080214,68.8
20080215,68.0
20080216,68.6
20080217,69.4
20080218,69.5
20080219,70.0
20080220,69.3
20080221,70.3
20080222,70.8
20080223,70.1
20080224,69.3
20080225,69.9
20080226,69.3
20080227,69.4
20080228,68.7
20080229,68.5
20080301,67.4
20080302,68.0
20080303,67.3
20080304,67.2
20080305,68.2
20080306,69.3
20080307,69.5
20080308,68.8
20080309,68.5
20080310,69.4
20080311,69.3
20080312,68.5
20080313,68.7
20080314,69.1
20080315,68.8
20080316,69.6
20080317,69.1
20080318,69.0
20080319,68.4
20080320,67.9
20080321,67.7
20080322,69.1
20080323,71.5
20080324,79.0
20080325,88.2
20080326,81.2
20080327,84.5
20080328,82.6
20080329,82.4
20080330,80.4
20080331,79.1
20080401,77.7
20080402,75.9
20080403,76.4
20080404,73.1
20080405,71.1
20080406,69.5
20080407,69.3
20080408,70.0
20080409,68.2
20080410,68.1
20080411,67.4
20080412,68.5
20080413,69.7
20080414,69.0
20080415,69.7
20080416,70.0
20080417,69.8
20080418,70.8
20080419,71.7
20080420,71.5
20080421,71.6
20080422,72.1
20080423,71.5
20080424,71.2
20080425,70.7
20080426,69.9
20080427,69.0
20080428,69.4
20080429,69.6
20080430,68.0
20080501,69.6
20080502,69.2
20080503,68.5
20080504,69.5
20080505,68.8
20080506,68.4
20080507,67.8
20080508,67.7
20080509,68.6
20080510,68.7
20080511,69.4
20080512,69.5
20080513,69.7
20080514,70.5
20080515,72.7
20080516,73.2
20080517,72.8
20080518,73.3
20080519,70.5
20080520,70.2
20080521,70.8
20080522,71.0
20080523,69.6
20080524,70.3
20080525,70.1
20080526,69.8
20080527,69.7
20080528,69.6
20080529,69.9
20080530,69.0
20080531,68.8
20080601,68.5
20080602,69.0
20080603,68.2
20080604,67.1
20080605,68.4
20080606,67.9
20080607,67.6
20080608,66.9
20080609,68.0
20080610,68.2
20080611,67.8
20080612,69.2
20080613,68.6
20080614,69.2
20080615,68.6
20080616,67.4
20080617,68.1
20080618,67.5
20080619,67.0
20080620,67.3
20080621,67.0
20080622,67.5
20080623,67.5
20080624,68.0
20080625,68.1
20080626,67.5
20080627,68.3
20080628,68.1
20080629,68.8
20080630,68.9
20080701,67.8
20080702,68.2
20080703,67.7
20080704,67.6
20080705,67.3
20080706,68.3
20080707,67.7
20080708,67.8
20080709,68.3
20080710,67.6
20080711,67.9
20080712,67.1
20080713,67.4
20080714,67.8
20080715,67.9
20080716,66.7
20080717,67.1
20080718,67.4
20080719,68.5
20080720,68.0
20080721,68.4
20080722,68.0
20080723,67.6
20080724,67.5
20080725,67.9
20080726,68.1
20080727,68.4
20080728,68.3
20080729,68.1
20080730,68.5
20080731,67.5
20080801,68.1
20080802,68.2
20080803,67.4
20080804,68.2
20080805,68.4
20080806,68.9
20080807,68.0
20080808,67.3
20080809,67.3
20080810,67.4
20080811,67.5
20080812,66.9
20080813,67.0
20080814,67.6
20080815,67.0
20080816,67.8
20080817,68.2
20080818,67.8
20080819,68.9
20080820,67.4
20080821,68.7
20080822,69.1
20080823,69.4
20080824,68.6
20080825,68.0
20080826,68.3
20080827,68.0
20080828,67.4
20080829,68.1
20080830,68.4
20080831,67.9
20080901,67.0
20080902,67.2
20080903,67.3
20080904,67.0
20080905,66.3
20080906,66.8
20080907,67.6
20080908,68.0
20080909,68.0
20080910,68.1
20080911,67.8
20080912,67.1
20080913,67.2
20080914,67.6
20080915,68.2
20080916,70.1
20080917,67.7
20080918,67.8
20080919,68.4
20080920,68.4
20080921,68.4
20080922,69.6
20080923,69.8
20080924,68.8
20080925,68.6
20080926,68.0
20080927,67.6
20080928,67.3
20080929,67.0
20080930,66.4
20081001,65.9
20081002,66.4
20081003,67.2
20081004,66.6
20081005,67.4
20081006,67.2
20081007,66.6
20081008,67.5
20081009,68.5
20081010,68.7
20081011,70.5
20081012,69.7
20081013,70.5
20081014,70.0
20081015,70.5
20081016,71.4
20081017,69.5
20081018,68.6
20081019,69.0
20081020,68.6
20081021,68.2
20081022,67.0
20081023,66.5
20081024,66.7
20081025,66.7
20081026,66.0
20081027,66.1
20081028,66.2
20081029,65.8
20081030,65.9
20081031,67.1
20081101,65.6
20081102,68.0
20081103,68.3
20081104,66.8
20081105,66.5
20081106,67.3
20081107,66.5
20081108,67.0
20081109,67.1
20081110,67.9
20081111,70.0
20081112,69.5
20081113,67.6
20081114,66.8
20081115,66.7
20081116,66.2
20081117,66.2
20081118,68.2
20081119,67.7
20081120,67.9
20081121,66.8
20081122,67.3
20081123,67.2
20081124,66.1
20081125,66.0
20081126,66.5
20081127,66.4
20081128,65.2
20081129,66.4
20081130,66.5
20081201,66.2
20081202,67.0
20081203,67.2
20081204,67.6
20081205,66.8
20081206,67.1
20081207,67.0
20081208,66.4
20081209,66.7
20081210,68.7
20081211,68.0
20081212,68.8
20081213,67.5
20081214,66.6
20081215,66.7
20081216,67.2
20081217,66.6
20081218,66.2
20081219,67.0
20081220,66.9
20081221,66.
20081222,65.5
20081223,66.3
20081224,67.1
20081225,67.0
20081226,67.0
20081227,67.1
20081228,67.5
20081229,67.5
20081230,66.3
20081231,67.0
20090101,66.6
20090102,67.6
20090103,67.2
20090104,66.6
20090105,66.9
20090106,66.5
20090107,66.7
20090108,66.5
20090109,67.4
20090110,68.5
20090111,67.7
20090112,67.0
20090113,68.2
20090114,68.9
20090115,68.8
20090116,68.5
20090117,69.6
20090118,68.8
20090119,68.6
20090120,68.1
20090121,67.2
20090122,66.9
20090123,67.8
20090124,66.6
20090125,67.7
20090126,67.8
20090127,67.6
20090128,67.4
20090129,67.3
20090130,67.1
20090131,67.4
20090201,67.5
20090202,67.1
20090203,67.3
20090204,67.5
20090205,68.1
20090206,68.2
20090207,69.2
20090208,69.3
20090209,68.8
20090210,65.8
20090211,68.5
20090212,68.0
20090213,68.3
20090214,68.4
20090215,67.9
20090216,67.9
20090217,69.0
20090218,68.2
20090219,67.4
20090220,67.6
20090221,69.1
20090222,68.8
20090223,69.3
20090224,69.5
20090225,69.3
20090226,68.6
20090227,67.6
20090228,69.3
20090301,68.1
20090302,68.0
20090303,68.0
20090304,68.6
20090305,68.1
20090306,68.0
20090307,68.0
20090308,67.9
20090309,67.2
20090310,67.8
20090311,68.0
20090312,67.8
20090313,67.4
20090314,67.7
20090315,67.7
20090316,68.7
20090317,68.2
20090318,67.8
20090319,68.5
20090320,68.2
20090321,69.6
20090322,68.2
20090323,67.6
20090324,68.7
20090325,68.2
20090326,68.8
20090327,71.4
20090328,70.4
20090329,70.7
20090330,70.8
20090331,71.1
20090401,70.7
20090402,70.6
20090403,70.4
20090404,70.1
20090405,70.5
20090406,68.9
20090407,70.4
20090408,70.2
20090409,70.3
20090410,69.7
20090411,69.7
20090412,69.7
20090413,68.8
20090414,69.9
20090415,69.9
20090416,70.5
20090417,70.4
20090418,70.5
20090419,70.8
20090420,70.4
20090421,71.8
20090422,71.9
20090423,71.4
20090424,70.5
20090425,70.3
20090426,70.1
20090427,68.6
20090428,69.8
20090429,70.5
20090430,70.5
20090501,69.6
20090502,69.4
20090503,69.7
20090504,69.2
20090505,69.2
20090506,70.0
20090507,70.8
20090508,72.2
20090509,73.7
20090510,73.2
20090511,73.3
20090512,75.5
20090513,75.3
20090514,75.5
20090515,75.4
20090516,75.8
20090517,75.7
20090518,74.6
20090519,74.0
20090520,73.2
20090521,73.5
20090522,73.9
20090523,72.2
20090524,71.0
20090525,70.7
20090526,69.9
20090527,68.5
20090528,69.6
20090529,70.1
20090530,70.4
20090531,70.4
20090601,74.6
20090602,74.0
20090603,74.6
20090604,73.1
20090605,72.2
20090606,71.1
20090607,71.0
20090608,71.1
20090609,71.2
20090610,71.3
20090611,71.4
20090612,71.2
20090613,70.4
20090614,70.3
20090615,69.5
20090616,70.5
20090617,70.0
20090618,69.9
20090619,69.2
20090620,68.8
20090621,69.2
20090622,70.2
20090623,70.2
20090624,69.1
20090625,70.3
20090626,69.0
20090627,69.3
20090628,69.2
20090629,70.8
20090630,70.5
20090701,69.8
20090702,68.7
20090703,69.5
20090704,73.4
20090705,74.0
20090706,71.2
20090707,73.7
20090708,73.1
20090709,71.4
20090710,70.1
20090711,70.5
20090712,70.3
20090713,69.5
20090714,68.8
20090715,68.7
20090716,68.9
20090717,68.4
20090718,69.2
20090719,69.9
20090720,70.4
20090721,69.9
20090722,70.0
20090723,69.9
20090724,70.5
20090725,71.2
20090726,69.8
20090727,70.5
20090728,70.9
20090729,70.4
20090730,70.1
20090731,70.8
20090801,70.2
20090802,70.1
20090803,69.3
20090804,67.8
20090805,68.1
20090806,68.7
20090807,69.7
20090808,68.8
20090809,69.1
20090810,69.0
20090811,68.4
20090812,68.2
20090813,68.9
20090814,69.4
20090815,69.8
20090816,70.6
20090817,69.8
20090818,69.1
20090819,68.7
20090820,69.2
20090821,67.9
20090822,68.1
20090823,68.8
20090824,69.1
20090825,68.5
20090826,68.7
20090827,69.1
20090828,69.3
20090829,69.3
20090830,68.5
20090831,69.6
20090901,70.4
20090902,69.4
20090903,69.8
20090904,69.5
20090905,69.6
20090906,70.3
20090907,69.8
20090908,70.0
20090909,70.2
20090910,70.2
20090911,70.2
20090912,69.8
20090913,69.9
20090914,69.8
20090915,69.9
20090916,69.5
20090917,69.8
20090918,69.6
20090919,71.1
20090920,71.9
20090921,72.5
20090922,75.3
20090923,76.6
20090924,75.0
20090925,72.8
20090926,72.2
20090927,72.6
20090928,73.5
20090929,72.5
20090930,72.1
20091001,72.2
20091002,71.7
20091003,71.7
20091004,71.1
20091005,69.9
20091006,68.8
20091007,68.4
20091008,68.6
20091009,69.0
20091010,69.8
20091011,70.1
20091012,69.8
20091013,69.4
20091014,70.5
20091015,70.0
20091016,69.2
20091017,70.2
20091018,69.5
20091019,70.3
20091020,70.3
20091021,70.6
20091022,70.9
20091023,72.1
20091024,74.7
20091025,74.7
20091026,80.3
20091027,80.4
20091028,78.9
20091029,75.6
20091030,74.2
20091031,74.0
20091101,71.2
20091102,70.3
20091103,70.3
20091104,70.2
20091105,69.3
20091106,69.6
20091107,69.3
20091108,69.6
20091109,70.7
20091110,71.3
20091111,71.0
20091112,71.7
20091113,72.6
20091114,73.2
20091115,73.5
20091116,74.5
20091117,75.4
20091118,74.4
20091119,74.9
20091120,74.4
20091121,74.0
20091122,74.4
20091123,73.8
20091124,72.8
20091125,72.3
20091126,72.7
20091127,71.7
20091128,70.9
20091129,70.1
20091130,70.4
20091201,70.2
20091202,69.4
20091203,69.6
20091204,69.4
20091205,69.6
20091206,69.8
20091207,69.0
20091208,70.0
20091209,70.8
20091210,71.6
20091211,69.9
20091212,72.2
20091213,73.1
20091214,76.2
20091215,79.0
20091216,80.6
20091217,84.2
20091218,81.6
20091219,79.1
20091220,81.0
20091221,80.0
20091222,79.5
20091223,75.9
20091224,74.6
20091225,73.5
20091226,73.4
20091227,74.3
20091228,73.3
20091229,72.7
20091230,74.3
20091231,77.2
20100101,72.7
20100102,75.4
20100103,73.8
20100104,70.6
20100105,74.3
20100106,74.7
20100107,75.5
20100108,74.9
20100109,79.0
20100110,81.6
20100111,86.3
20100112,90.2
20100113,87.5
20100114,87.0
20100115,82.6
20100116,81.4
20100117,79.9
20100118,78.9
20100119,81.6
20100120,79.1
20100121,80.0
20100122,79.8
20100123,82.0
20100124,81.9
20100125,78.7
20100126,77.3
20100127,75.4
20100128,74.0
20100129,71.1
20100130,72.8
20100131,73.0
20100201,73.1
20100202,73.0
20100203,72.3
20100204,71.8
20100205,75.6
20100206,85.1
20100207,87.8
20100208,91.2
20100209,89.0
20100210,88.9
20100211,91.8
20100212,93.1
20100213,91.8
20100214,87.2
20100215,85.5
20100216,84.7
20100217,84.8
20100218,83.1
20100219,81.8
20100220,82.0
20100221,81.7
20100222,81.9
20100223,82.4
20100224,80.9
20100225,81.1
20100226,78.9
20100227,77.1
20100228,76.6
20100301,76.5
20100302,78.0
20100303,79.0
20100304,80.0
20100305,78.2
20100306,77.1
20100307,75.4
20100308,75.1
20100309,76.8
20100310,79.3
20100311,83.1
20100312,88.5
20100313,90.7
20100314,88.3
20100315,85.5
20100316,84.3
20100317,85.9
20100318,85.0
20100319,83.7
20100320,82.8
20100321,84.1
20100322,81.9
20100323,83.3
20100324,83.9
20100325,87.1
20100326,85.5
20100327,87.8
20100328,85.7
20100329,82.9
20100330,82.6
20100331,80.9
20100401,79.1
20100402,76.1
20100403,77.4
20100404,78.7
20100405,79.3
20100406,77.7
20100407,76.5
20100408,75.9
20100409,76.3
20100410,75.3
20100411,74.9
20100412,74.9
20100413,75.3
20100414,75.6
20100415,75.0
20100416,75.4
20100417,74.5
20100418,75.3
20100419,76.1
20100420,76.4
20100421,76.9
20100422,76.9
20100423,75.8
20100424,75.0
20100425,76.4
20100426,77.0
20100427,75.7
20100428,77.2
20100429,77.3
20100430,79.8
20100501,79.0
20100502,80.8
20100503,81.6
20100504,83.1
20100505,84.7
20100506,80.5
20100507,80.5
20100508,80.3
20100509,76.9
20100510,75.1
20100511,75.0
20100512,72.7
20100513,70.9
20100514,71.2
20100515,71.8
20100516,70.0
20100517,70.8
20100518,70.3
20100519,70.2
20100520,70.4
20100521,72.6
20100522,74.3
20100523,76.4
20100524,74.4
20100525,75.1
20100526,74.3
20100527,74.6
20100528,75.2
20100529,75.7
20100530,75.0
20100531,74.1
20100601,74.8
20100602,76.1
20100603,76.8
20100604,74.0
20100605,72.4
20100606,70.0
20100607,70.6
20100608,74.0
20100609,73.7
20100610,75.2
20100611,76.9
20100612,78.6
20100613,78.7
20100614,75.1
20100615,72.3
20100616,73.9
20100617,72.7
20100618,72.8
20100619,71.2
20100620,72.3
20100621,74.3
20100622,75.7
20100623,76.5
20100624,76.9
20100625,76.9
20100626,76.9
20100627,75.3
20100628,76.4
20100629,76.0
20100630,76.3
20100701,75.5
20100702,75.9
20100703,74.8
20100704,74.0
20100705,75.2
20100706,75.2
20100707,76.6
20100708,78.2
20100709,82.7
20100710,82.6
20100711,85.4
20100712,82.6
20100713,81.1
20100714,80.3
20100715,78.4
20100716,79.1
20100717,81.3
20100718,79.4
20100719,82.5
20100720,89.9
20100721,92.0
20100722,90.5
20100723,89.2
20100724,87.9
20100725,87.9
20100726,87.1
20100727,85.2
20100728,88.0
20100729,87.2
20100730,85.7
20100731,83.9
20100801,82.1
20100802,81.5
20100803,83.0
20100804,83.2
20100805,85.1
20100806,84.4
20100807,93.1
20100808,84.9
20100809,86.5
20100810,85.8
20100811,88.1
20100812,86.0
20100813,86.0
20100814,87.4
20100815,87.8
20100816,86.9
20100817,83.1
20100818,81.8
20100819,79.8
20100820,78.9
20100821,77.3
20100822,76.3
20100823,76.5
20100824,75.2
20100825,75.1
20100826,75.0
20100827,74.8
20100828,73.3
20100829,75.4
20100830,76.4
20100831,76.0
20100901,77.7
20100902,78.4
20100903,78.5
20100904,83.6
20100905,83.5
20100906,81.0
20100907,77.3
20100908,75.6
20100909,74.7
20100910,76.4
20100911,79.1
20100912,79.3
20100913,80.4
20100914,81.6
20100915,82.1
20100916,83.3
20100917,83.0
20100918,82.9
20100919,81.9
20100920,83.3
20100921,85.2
20100922,85.4
20100923,84.9
20100924,83.1
20100925,83.4
20100926,84.3
20100927,83.4
20100928,83.5
20100929,91.0
20100930,90.2
20101001,86.9
20101002,85.1
20101003,80.1
20101004,76.1
20101005,75.4
20101006,74.2
20101007,75.0
20101008,74.7
20101009,76.2
20101010,75.7
20101011,75.0
20101012,74.9
20101013,77.7
20101014,79.9
20101015,81.7
20101016,86.3
20101017,83.0
20101018,89.9
20101019,85.9
20101020,83.2
20101021,82.7
20101022,81.4
20101023,83.4
20101024,81.2
20101025,85.2
20101026,85.1
20101027,86.5
20101028,85.3
20101029,84.5
20101030,83.6
20101031,80.0
20101101,77.9
20101102,77.7
20101103,77.2
20101104,77.8
20101105,81.6
20101106,87.1
20101107,83.5
20101108,82.2
20101109,82.5
20101110,83.9
20101111,82.8
20101112,83.7
20101113,83.6
20101114,84.6
20101115,88.8
20101116,89.8
20101117,89.1
20101118,84.5
20101119,82.0
20101120,77.9
20101121,75.8
20101122,72.9
20101123,73.4
20101124,73.9
20101125,75.9
20101126,74.2
20101127,74.5
20101128,77.9
20101129,80.2
20101130,84.0
20101201,84.1
20101202,84.1
20101203,84.4
20101204,84.9
20101205,85.4
20101206,85.9
20101207,84.5
20101208,84.6
20101209,84.2
20101210,85.8
20101211,84.3
20101212,86.7
20101213,85.0
20101214,87.5
20101215,84.2
20101216,81.4
20101217,79.1
20101218,78.0
20101219,78.3
20101220,75.4
20101221,75.3
20101222,75.2
20101223,77.5
20101224,76.1
20101225,76.8
20101226,77.9
20101227,77.4
20101228,78.0
20101229,79.9
20101230,80.2
20101231,87.9
20110101,88.
20110102,88.1
20110103,89.1
20110104,87.6
20110105,84.8
20110106,83.9
20110107,83.5
20110108,82.0
20110109,80.0
20110110,80.6
20110111,79.9
20110112,77.4
20110113,76.9
20110114,76.7
20110115,77.6
20110116,77.8
20110117,79.1
20110118,78.4
20110119,78.2
20110120,79.7
20110121,84.8
20110122,84.9
20110123,81.7
20110124,79.9
20110125,78.0
20110126,77.6
20110127,78.1
20110128,78.1
20110129,79.0
20110130,80.2
20110131,78.9
20110201,77.6
20110202,77.0
20110203,78.1
20110204,79.8
20110205,78.7
20110206,78.0
20110207,80.1
20110208,87.3
20110209,86.4
20110210,89.0
20110211,88.9
20110212,93.1
20110213,104.1
20110214,109.8
20110215,110.0
20110216,111.4
20110217,108.3
20110218,121.9
20110219,106.9
20110220,102.2
20110221,94.6
20110222,89.0
20110223,87.4
20110224,87.0
20110225,86.4
20110226,88.4
20110227,88.7
20110228,94.0
20110301,108.5
20110302,111.4
20110303,118.8
20110304,124.7
20110305,132.5
20110306,140.3
20110307,149.6
20110308,164.3
20110309,141.1
20110310,129.5
20110311,121.5
20110312,119.2
20110313,111.5
20110314,106.1
20110315,100.3
20110316,103.8
20110317,89.2
20110318,86.8
20110319,88.0
20110320,91.2
20110321,100.2
20110322,99.1
20110323,104.0
20110324,106.9
20110325,112.0
20110326,113.9
20110327,115.1
20110328,118.1
20110329,115.9
20110330,117.3
20110331,113.1
20110401,108.7
20110402,107.4
20110403,114.0
20110404,112.7
20110405,109.3
20110406,117.2
20110407,112.5
20110408,109.0
20110409,105.3
20110410,105.2
20110411,106.3
20110412,110.8
20110413,118.4
20110414,119.4
20110415,130.2
20110416,120.0
20110417,115.3
20110418,111.9
20110419,111.9
20110420,118.1
20110421,114.1
20110422,116.0
20110423,120.4
20110424,118.5
20110425,113.5
20110426,110.8
20110427,109.3
20110428,111.9
20110429,111.2
20110430,111.1
20110501,107.7
20110502,111.5
20110503,108.8
20110504,108.7
20110505,106.7
20110506,103.7
20110507,104.1
20110508,104.1
20110509,105.7
20110510,99.4
20110511,96.0
20110512,94.7
20110513,93.5
20110514,93.4
20110515,96.6
20110516,94.3
20110517,93.6
20110518,92.7
20110519,86.4
20110520,85.7
20110521,85.7
20110522,86.6
20110523,86.3
20110524,83.8
20110525,82.4
20110526,84.9
20110527,92.3
20110528,103.2
20110529,113.8
20110530,115.0
20110531,115.2
20110601,116.8
20110602,114.8
20110603,110.2
20110604,105.8
20110605,105.9
20110606,103.2
20110607,99.3
20110608,92.9
20110609,90.2
20110610,89.4
20110611,87.2
20110612,87.3
20110613,89.4
20110614,102.5
20110615,104.8
20110616,106.6
20110617,107.6
20110618,102.4
20110619,102.4
20110620,99.6
20110621,98.2
20110622,96.0
20110623,99.5
20110624,99.4
20110625,96.7
20110626,93.1
20110627,92.2
20110628,89.8
20110629,90.3
20110630,92.2
20110701,90.5
20110702,88.5
20110703,89.2
20110704,87.9
20110705,87.7
20110706,87.5
20110707,88.4
20110708,88.7
20110709,88.5
20110710,93.7
20110711,93.1
20110712,94.7
20110713,97.7
20110714,97.2
20110715,96.9
20110716,96.9
20110717,107.0
20110718,105.3
20110719,103.6
20110720,103.4
20110721,99.1
20110722,95.4
20110723,91.1
20110724,88.9
20110725,89.8
20110726,96.4
20110727,102.5
20110728,110.7
20110729,115.2
20110730,116.2
20110731,122.2
20110801,128.7
20110802,125.2
20110803,123.5
20110804,119.7
20110805,112.5
20110806,113.2
20110807,108.4
20110808,104.3
20110809,100.2
20110810,92.7
20110811,86.5
20110812,85.7
20110813,85.3
20110814,90.4
20110815,92.7
20110816,95.4
20110817,100.0
20110818,100.2
20110819,100.6
20110820,102.9
20110821,103.3
20110822,110.7
20110823,106.1
20110824,106.4
20110825,106.4
20110826,106.8
20110827,106.0
20110828,103.1
20110829,103.2
20110830,103.2
20110831,111.0
20110901,113.8
20110902,117.5
20110903,120.8
20110904,121.5
20110905,120.7
20110906,113.2
20110907,114.5
20110908,111.7
20110909,113.4
20110910,117.8
20110911,122.9
20110912,125.5
20110913,131.0
20110914,144.3
20110915,142.3
20110916,144.6
20110917,146.2
20110918,151.6
20110919,142.2
20110920,145.5
20110921,145.3
20110922,151.9
20110923,159.3
20110924,191.6
20110925,169.8
20110926,149.0
20110927,139.6
20110928,134.0
20110929,137.0
20110930,138.5
20111001,137.2
20111002,131.1
20111003,129.1
20111004,130.4
20111005,126.7
20111006,123.9
20111007,121.9
20111008,118.2
20111009,120.7
20111010,126.0
20111011,129.7
20111012,133.5
20111013,137.0
20111014,135.4
20111015,136.9
20111016,150.0
20111017,151.6
20111018,145.7
20111019,146.1
20111020,157.8
20111021,166.3
20111022,162.5
20111023,153.9
20111024,143.8
20111025,137.3
20111026,130.6
20111027,129.9
20111028,132.2
20111029,121.4
20111030,124.9
20111031,136.1
20111101,136.5
20111102,151.2
20111103,157.8
20111104,161.1
20111105,169.0
20111106,173.6
20111107,178.9
20111108,177.7
20111109,176.7
20111110,175.2
20111111,170.4
20111112,165.3
20111113,152.1
20111114,157.7
20111115,145.1
20111116,139.2
20111117,144.4
20111118,141.1
20111119,136.3
20111120,136.6
20111121,137.7
20111122,138.9
20111123,136.5
20111124,133.8
20111125,131.7
20111126,129.3
20111127,131.7
20111128,134.0
20111129,136.8
20111130,140.1
20111201,148.0
20111202,152.9
20111203,159.4
20111204,159.0
20111205,153.6
20111206,146.6
20111207,144.5
20111208,140.4
20111209,139.2
20111210,135.8
20111211,130.2
20111212,127.5
20111213,129.0
20111214,127.9
20111215,120.3
20111216,117.2
20111217,115.8
20111218,123.3
20111219,124.1
20111220,133.0
20111221,139.9
20111222,141.1
20111223,133.7
20111224,138.1
20111225,139.6
20111226,140.8
20111227,135.7
20111228,140.0
20111229,142.3
20111230,136.4
20111231,128.5
20120101,129.
20120102,130.3
20120103,130.2
20120104,131.6
20120105,136.6
20120106,131.0
20120107,135.9
20120108,131.4
20120109,137.6
20120110,124.6
20120111,116.1
20120112,113.0
20120113,120.0
20120114,128.0
20120115,129.2
20120116,135.1
20120117,134.5
20120118,143.4
20120119,152.0
20120120,136.7
20120121,137.2
20120122,136.6
20120123,139.8
20120124,131.5
20120125,122.5
20120126,124.3
20120127,137.4
20120128,111.0
20120129,106.6
20120130,111.0
20120131,113.1
20120201,114.1
20120202,114.6
20120203,107.9
20120204,104.0
20120205,99.8
20120206,108.9
20120207,104.3
20120208,94.6
20120209,96.6
20120210,107.9
20120211,109.4
20120212,107.6
20120213,105.7
20120214,104.8
20120215,102.0
20120216,100.8
20120217,101.3
20120218,101.7
20120219,102.9
20120220,108.7
20120221,101.0
20120222,102.0
20120223,101.2
20120224,106.7
20120225,105.9
20120226,104.9
20120227,103.5
20120228,101.3
20120229,100.2
20120301,101.6
20120302,106.3
20120303,114.5
20120304,118.2
20120305,129.5
20120306,136.0
20120307,133.7
20120308,137.5
20120309,143.5
20120310,146.9
20120311,129.5
20120312,113.5
20120313,139.0
20120314,117.5
20120315,109.4
20120316,97.6
20120317,101.4
20120318,101.1
20120319,100.9
20120320,98.8
20120321,99.2
20120322,101.7
20120323,104.2
20120324,102.1
20120325,100.8
20120326,101.9
20120327,105.2
20120328,106.6
20120329,111.2
20120330,110.4
20120331,109.9
20120401,107.2
20120402,105.9
20120403,103.6
20120404,102.1
20120405,101.0
20120406,97.6
20120407,98.7
20120408,93.5
20120409,94.9
20120410,93.7
20120411,93.8
20120412,95.8
20120413,98.3
20120414,98.8
20120415,102.4
20120416,108.8
20120417,114.7
20120418,122.6
20120419,139.1
20120420,143.1
20120421,150.6
20120422,149.5
20120423,143.4
20120424,135.2
20120425,128.8
20120426,120.7
20120427,119.5
20120428,122.8
20120429,117.7
20120430,115.9
20120501,111.6
20120502,117.4
20120503,115.9
20120504,115.9
20120505,118.1
20120506,119.4
20120507,123.9
20120508,125.1
20120509,129.8
20120510,133.3
20120511,139.2
20120512,132.2
20120513,133.3
20120514,132.9
20120515,131.9
20120516,133.9
20120517,139.5
20120518,135.3
20120519,134.1
20120520,134.0
20120521,128.2
20120522,124.3
20120523,120.2
20120524,118.5
20120525,120.3
20120526,112.9
20120527,113.7
20120528,113.3
20120529,109.3
20120530,114.1
20120531,120.6
20120601,132.2
20120602,132.9
20120603,133.2
20120604,131.9
20120605,142.8
20120606,156.4
20120607,132.1
20120608,127.9
20120609,132.3
20120610,132.3
20120611,138.1
20120612,145.8
20120613,147.3
20120614,153.3
20120615,149.6
20120616,138.8
20120617,128.0
20120618,121.9
20120619,113.5
20120620,107.1
20120621,100.9
20120622,91.4
20120623,86.8
20120624,88.1
20120625,91.5
20120626,102.5
20120627,109.9
20120628,123.7
20120629,121.3
20120630,128.2
20120701,137.9
20120702,171.4
20120703,150.7
20120704,168.6
20120705,170.1
20120706,163.0
20120707,163.7
20120708,183.7
20120709,179.6
20120710,179.2
20120711,167.1
20120712,170.9
20120713,152.1
20120714,152.8
20120715,145.1
20120716,159.5
20120717,131.7
20120718,113.1
20120719,103.2
20120720,95.3
20120721,92.8
20120722,96.7
20120723,99.8
20120724,105.7
20120725,108.7
20120726,118.3
20120727,127.1
20120728,130.5
20120729,135.4
20120730,140.1
20120731,144.0
20120801,154.6
20120802,138.6
20120803,143.8
20120804,142.7
20120805,137.9
20120806,137.9
20120807,132.1
20120808,137.0
20120809,134.8
20120810,128.8
20120811,123.0
20120812,115.3
20120813,110.9
20120814,108.5
20120815,103.2
20120816,100.8
20120817,97.5
20120818,99.4
20120819,98.5
20120820,98.5
20120821,96.4
20120822,96.9
20120823,98.8
20120824,106.4
20120825,108.1
20120826,115.6
20120827,113.7
20120828,113.4
20120829,120.6
20120830,130.2
20120831,132.9
20120901,148.2
20120902,144.7
20120903,144.0
20120904,139.9
20120905,134.9
20120906,130.0
20120907,135.4
20120908,130.5
20120909,124.8
20120910,112.8
20120911,106.4
20120912,103.8
20120913,100.3
20120914,101.7
20120915,98.6
20120916,98.3
20120917,102.5
20120918,105.3
20120919,110.8
20120920,118.4
20120921,117.8
20120922,125.3
20120923,134.4
20120924,137.4
20120925,140.6
20120926,139.9
20120927,133.8
20120928,138.3
20120929,136.4
20120930,135.9
20121001,128.3
20121002,118.3
20121003,111.8
20121004,109.5
20121005,106.1
20121006,98.7
20121007,97.9
20121008,103.2
20121009,105.9
20121010,111.6
20121011,116.2
20121012,121.3
20121013,124.3
20121014,131.3
20121015,135.9
20121016,136.1
20121017,134.1
20121018,136.5
20121019,140.3
20121020,150.1
20121021,142.8
20121022,153.9
20121023,140.1
20121024,134.1
20121025,128.5
20121026,129.1
20121027,120.2
20121028,115.4
20121029,106.9
20121030,104.8
20121031,102.7
20121101,96.8
20121102,94.9
20121103,91.8
20121104,93.4
20121105,94.9
20121106,96.9
20121107,99.8
20121108,102.2
20121109,112.9
20121110,119.8
20121111,130.6
20121112,140.8
20121113,143.1
20121114,139.1
20121115,138.6
20121116,135.2
20121117,132.4
20121118,137.7
20121119,130.7
20121120,137.8
20121121,137.0
20121122,124.5
20121123,123.5
20121124,115.0
20121125,118.4
20121126,118.6
20121127,114.0
20121128,111.2
20121129,110.0
20121130,107.5
20121201,98.8
20121202,94.9
20121203,93.9
20121204,93.4
20121205,92.7
20121206,94.6
20121207,94.2
20121208,98.1
20121209,100.6
20121210,100.9
20121211,100.5
20121212,108.4
20121213,113.0
20121214,115.5
20121215,118.5
20121216,115.8
20121217,111.3
20121218,112.5
20121219,109.8
20121220,110.4
20121221,110.9
20121222,111.6
20121223,110.4
20121224,109.4
20121225,109.3
20121226,106.2
20121227,103.2
20121228,102.3
20121229,100.9
20121230,103.2
20121231,109.8
20130101,113.9
20130102,115.0
20130103,124.6
20130104,138.4
20130105,140.3
20130106,137.5
20130107,144.8
20130108,150.5
20130109,163.8
20130110,168.2
20130111,166.7
20130112,163.0
20130113,151.4
20130114,149.1
20130115,135.2
20130116,132.6
20130117,118.8
20130118,111.5
20130119,103.3
20130120,103.2
20130121,104.9
20130122,106.9
20130123,101.6
20130124,100.2
20130125,97.5
20130126,96.3
20130127,94.7
20130128,94.7
20130129,92.6
20130130,93.8
20130131,99.7
20130201,100.7
20130202,108.6
20130203,107.9
20130204,103.7
20130205,102.2
20130206,100.7
20130207,100.0
20130208,101.4
20130209,104.8
20130210,103.2
20130211,102.5
20130212,99.2
20130213,97.8
20130214,97.0
20130215,97.7
20130216,100.8
20130217,103.1
20130218,102.3
20130219,109.9
20130220,111.0
20130221,106.2
20130222,104.7
20130223,97.5
20130224,93.0
20130225,93.5
20130226,96.8
20130227,100.0
20130228,103.6
20130301,110.6
20130302,109.1
20130303,110.1
20130304,112.4
20130305,116.6
20130306,112.6
20130307,112.1
20130308,113.3
20130309,114.6
20130310,117.7
20130311,118.2
20130312,121.5
20130313,121.5
20130314,121.5
20130315,121.8
20130316,124.8
20130317,124.5
20130318,116.6
20130319,109.5
20130320,106.7
20130321,105.3
20130322,100.2
20130323,97.6
20130324,95.4
20130325,92.2
20130326,92.0
20130327,92.6
20130328,98.3
20130329,104.8
20130330,108.2
20130331,113.1
20130401,119.0
20130402,122.1
20130403,127.0
20130404,128.6
20130405,134.5
20130406,137.3
20130407,138.2
20130408,139.6
20130409,147.0
20130410,148.6
20130411,137.8
20130412,138.6
20130413,125.8
20130414,117.5
20130415,114.1
20130416,114.1
20130417,107.1
20130418,99.2
20130419,101.2
20130420,108.9
20130421,106.3
20130422,118.0
20130423,116.8
20130424,117.8
20130425,121.3
20130426,130.4
20130427,129.3
20130428,133.9
20130429,145.8
20130430,155.7
20130501,161.7
20130502,151.8
20130503,150.4
20130504,144.1
20130505,139.5
20130506,133.0
20130507,131.1
20130508,129.3
20130509,130.9
20130510,127.3
20130511,139.4
20130512,150.4
20130513,153.5
20130514,151.1
20130515,148.8
20130516,148.0
20130517,139.6
20130518,135.2
20130519,138.5
20130520,135.2
20130521,128.4
20130522,136.7
20130523,137.9
20130524,130.6
20130525,124.5
20130526,123.2
20130527,113.1
20130528,107.6
20130529,109.8
20130530,106.9
20130531,104.7
20130601,108.8
20130602,114.1
20130603,115.0
20130604,113.1
20130605,112.1
20130606,112.3
20130607,113.1
20130608,106.3
20130609,99.0
20130610,96.2
20130611,92.3
20130612,96.2
20130613,102.0
20130614,112.6
20130615,114.5
20130616,119.7
20130617,127.8
20130618,128.8
20130619,127.4
20130620,130.5
20130621,137.6
20130622,134.2
20130623,132.4
20130624,124.6
20130625,112.9
20130626,110.1
20130627,102.9
20130628,104.3
20130629,103.6
20130630,106.3
20130701,111.4
20130702,118.1
20130703,128.7
20130704,142.3
20130705,145.6
20130706,138.7
20130707,129.8
20130708,123.3
20130709,124.0
20130710,121.9
20130711,117.1
20130712,121.6
20130713,117.8
20130714,116.7
20130715,117.9
20130716,117.6
20130717,114.9
20130718,118.6
20130719,117.3
20130720,116.1
20130721,112.9
20130722,113.4
20130723,110.1
20130724,111.0
20130725,110.3
20130726,112.9
20130727,111.3
20130728,112.7
20130729,115.6
20130730,116.5
20130731,112.0
20130801,115.4
20130802,116.2
20130803,110.5
20130804,107.9
20130805,107.3
20130806,106.8
20130807,108.5
20130808,107.3
20130809,106.5
20130810,105.3
20130811,113.4
20130812,117.2
20130813,125.1
20130814,128.5
20130815,125.8
20130816,122.9
20130817,153.4
20130818,129.2
20130819,131.4
20130820,134.6
20130821,133.4
20130822,134.5
20130823,126.8
20130824,119.9
20130825,115.0
20130826,113.5
20130827,111.9
20130828,110.3
20130829,111.0
20130830,109.5
20130831,109.5
20130901,105.6
20130902,107.5
20130903,107.9
20130904,111.1
20130905,111.9
20130906,102.9
20130907,100.0
20130908,97.1
20130909,95.6
20130910,96.2
20130911,94.1
20130912,94.1
20130913,92.7
20130914,93.6
20130915,93.8
20130916,95.5
20130917,99.7
20130918,105.1
20130919,108.9
20130920,110.0
20130921,111.2
20130922,111.9
20130923,108.5
20130924,110.9
20130925,111.7
20130926,110.5
20130927,108.3
20130928,106.0
20130929,103.4
20130930,105.2
20131001,107.0
20131002,108.3
20131003,113.9
20131004,109.2
20131005,105.9
20131006,106.5
20131007,111.8
20131008,111.7
20131009,113.1
20131010,120.3
20131011,128.5
20131012,127.3
20131013,128.6
20131014,124.3
20131015,124.5
20131016,127.2
20131017,135.1
20131018,138.8
20131019,131.6
20131020,132.2
20131021,134.5
20131022,144.8
20131023,151.1
20131024,158.8
20131025,159.6
20131026,169.7
20131027,164.8
20131028,157.8
20131029,150.6
20131030,139.9
20131031,140.5
20131101,144.2
20131102,139.4
20131103,141.1
20131104,144.9
20131105,145.9
20131106,150.8
20131107,145.3
20131108,143.3
20131109,145.2
20131110,151.1
20131111,160.4
20131112,164.0
20131113,167.4
20131114,172.0
20131115,174.0
20131116,170.6
20131117,172.9
20131118,159.5
20131119,149.3
20131120,143.5
20131121,137.8
20131122,139.2
20131123,132.2
20131124,123.9
20131125,116.0
20131126,112.4
20131127,125.6
20131128,129.3
20131129,125.0
20131130,127.6
20131201,126.9
20131202,130.0
20131203,131.9
20131204,134.0
20131205,145.3
20131206,146.1
20131207,152.3
20131208,160.6
20131209,163.1
20131210,169.9
20131211,165.6
20131212,159.8
20131213,158.1
20131214,159.0
20131215,151.3
20131216,149.4
20131217,153.9
20131218,151.1
20131219,148.5
20131220,144.4
20131221,139.5
20131222,133.4
20131223,131.6
20131224,124.1
20131225,118.7
20131226,120.6
20131227,126.3
20131228,130.1
20131229,132.5
20131230,138.2
20131231,140.5
20140101,154.3
20140102,155.2
20140103,176.3
20140104,206.2
20140105,210.3
20140106,197.2
20140107,229.3
20140108,188.2
20140109,178.1
20140110,169.4
20140111,160.7
20140112,150.2
20140113,138.7
20140114,132.6
20140115,122.1
20140116,117.1
20140117,124.7
20140118,125.5
20140119,123.4
20140120,133.0
20140121,141.4
20140122,138.9
20140123,132.1
20140124,131.3
20140125,129.1
20140126,133.7
20140127,139.6
20140128,152.5
20140129,151.8
20140130,155.8
20140131,160.9
20140201,171.6
20140202,184.4
20140203,183.0
20140204,182.9
20140205,188.1
20140206,186.1
20140207,173.2
20140208,167.2
20140209,164.6
20140210,156.8
20140211,167.8
20140212,156.1
20140213,162.5
20140214,162.5
20140215,158.1
20140216,150.2
20140217,148.9
20140218,147.9
20140219,154.2
20140220,153.0
20140221,153.4
20140222,159.7
20140223,168.2
20140224,167.2
20140225,170.4
20140226,174.7
20140227,172.4
20140228,167.5
20140301,161.6
20140302,158.5
20140303,158.3
20140304,155.4
20140305,146.7
20140306,146.5
20140307,146.0
20140308,139.5
20140309,143.8
20140310,149.5
20140311,162.5
20140312,145.8
20140313,145.9
20140314,142.1
20140315,137.5
20140316,134.2
20140317,135.1
20140318,137.0
20140319,147.9
20140320,150.1
20140321,151.4
20140322,153.8
20140323,156.0
20140324,157.7
20140325,152.0
20140326,152.5
20140327,144.2
20140328,145.9
20140329,142.3
20140330,148.1
20140331,152.1
20140401,153.1
20140402,154.6
20140403,153.0
20140404,157.0
20140405,142.3
20140406,141.2
20140407,140.2
20140408,132.4
20140409,131.0
20140410,137.3
20140411,138.2
20140412,136.5
20140413,137.9
20140414,151.2
20140415,163.0
20140416,185.2
20140417,180.3
20140418,173.7
20140419,170.8
20140420,164.1
20140421,160.4
20140422,146.3
20140423,137.6
20140424,131.6
20140425,126.2
20140426,122.3
20140427,119.6
20140428,122.5
20140429,121.8
20140430,125.5
20140501,127.7
20140502,137.6
20140503,134.8
20140504,133.7
20140505,141.5
20140506,141.3
20140507,148.6
20140508,150.8
20140509,155.2
20140510,155.1
20140511,167.7
20140512,166.3
20140513,162.7
20140514,166.7
20140515,155.5
20140516,141.8
20140517,136.6
20140518,130.4
20140519,119.7
20140520,120.1
20140521,116.7
20140522,114.1
20140523,119.2
20140524,127.7
20140525,116.0
20140526,111.1
20140527,108.7
20140528,102.1
20140529,105.5
20140530,104.4
20140531,106.6
20140601,106.2
20140602,108.3
20140603,110.1
20140604,108.5
20140605,113.8
20140606,136.9
20140607,140.8
20140608,153.1
20140609,166.1
20140610,171.3
20140611,173.6
20140612,179.9
20140613,157.5
20140614,148.0
20140615,134.3
20140616,120.5
20140617,118.0
20140618,114.4
20140619,114.7
20140620,105.5
20140621,104.5
20140622,97.3
20140623,95.6
20140624,96.6
20140625,100.2
20140626,103.3
20140627,107.6
20140628,118.4
20140629,129.9
20140630,145.2
20140701,156.9
20140702,175.1
20140703,184.1
20140704,193.9
20140705,199.4
20140706,207.7
20140707,204.5
20140708,208.1
20140709,205.0
20140710,183.3
20140711,171.8
20140712,149.9
20140713,131.0
20140714,113.0
20140715,103.9
20140716,95.1
20140717,91.5
20140718,91.4
20140719,88.9
20140720,89.9
20140721,93.0
20140722,95.5
20140723,102.2
20140724,107.4
20140725,109.9
20140726,120.1
20140727,125.2
20140728,136.3
20140729,146.0
20140730,156.6
20140731,161.1
20140801,173.5
20140802,160.2
20140803,156.2
20140804,143.3
20140805,143.3
20140806,140.5
20140807,140.0
20140808,126.4
20140809,116.3
20140810,111.3
20140811,107.3
20140812,106.8
20140813,105.6
20140814,105.4
20140815,116.0
20140816,114.8
20140817,117.9
20140818,113.3
20140819,113.3
20140820,121.1
20140821,131.3
20140822,129.3
20140823,134.9
20140824,144.0
20140825,154.8
20140826,130.8
20140827,125.3
20140828,121.0
20140829,122.5
20140830,125.5
20140831,127.1
20140901,128.9
20140902,138.7
20140903,140.1
20140904,148.4
20140905,146.3
20140906,159.8
20140907,162.6
20140908,166.3
20140909,161.6
20140910,177.0
20140911,153.4
20140912,154.0
20140913,146.9
20140914,141.0
20140915,134.4
20140916,134.1
20140917,134.2
20140918,121.3
20140919,122.8
20140920,120.1
20140921,124.9
20140922,136.8
20140923,139.1
20140924,145.6
20140925,167.8
20140926,171.0
20140927,182.2
20140928,181.8
20140929,175.6
20140930,162.6
20141001,155.4
20141002,149.3
20141003,136.9
20141004,127.6
20141005,128.4
20141006,129.9
20141007,125.2
20141008,126.2
20141009,118.6
20141010,120.4
20141011,111.6
20141012,110.0
20141013,112.6
20141014,131.9
20141015,125.0
20141016,138.0
20141017,144.8
20141018,171.1
20141019,171.7
20141020,202.2
20141021,197.1
20141022,214.2
20141023,224.8
20141024,215.4
20141025,216.8
20141026,214.0
20141027,185.4
20141028,165.1
20141029,148.4
20141030,138.4
20141031,119.5
20141101,118.1
20141102,122.4
20141103,123.2
20141104,127.3
20141105,142.7
20141106,133.1
20141107,142.9
20141108,129.6
20141109,129.2
20141110,133.4
20141111,139.5
20141112,149.8
20141113,150.3
20141114,157.6
20141115,157.1
20141116,167.7
20141117,163.8
20141118,163.6
20141119,165.7
20141120,164.1
20141121,158.6
20141122,162.6
20141123,168.8
20141124,140.7
20141125,165.0
20141126,166.5
20141127,174.1
20141128,176.6
20141129,172.5
20141130,172.4
20141201,163.4
20141202,163.0
20141203,149.8
20141204,153.0
20141205,132.8
20141206,125.0
20141207,127.9
20141208,128.7
20141209,135.5
20141210,145.3
20141211,143.0
20141212,149.4
20141213,154.9
20141214,161.2
20141215,164.0
20141216,178.8
20141217,192.3
20141218,206.4
20141219,208.9
20141220,196.7
20141221,199.2
20141222,173.4
20141223,160.5
20141224,146.5
20141225,140.6
20141226,132.5
20141227,129.7
20141228,128.2
20141229,127.1
20141230,126.0
20141231,129.2
20150101,132.9
20150102,141.0
20150103,143.8
20150104,144.8
20150105,137.2
20150106,137.2
20150107,142.4
20150108,152.0
20150109,146.2
20150110,146.9
20150111,148.6
20150112,153.4
20150114,135.3
20150115,127.0
20150116,121.3
20150117,118.1
20150118,122.3
20150119,123.4
20150120,121.7
20150121,120.5
20150122,116.1
20150123,116.8
20150124,122.1
20150125,122.8
20150126,142.2
20150127,151.1
20150128,156.2
20150129,165.4
20150130,152.5
20150131,150.6
20150201,137.6
20150202,139.6
20150203,144.6
20150204,144.8
20150205,137.9
20150206,140.2
20150207,146.9
20150208,152.8
20150209,139.0
20150210,135.4
20150211,126.8
20150212,124.3
20150213,120.8
20150214,116.6
20150215,116.5
20150216,115.3
20150217,115.9
20150218,119.6
20150219,116.2
20150220,115.6
20150221,111.2
20150222,116.5
20150223,114.1
20150224,111.6
20150225,109.1
20150226,110.1
20150227,117.8
20150228,124.2
20150301,125.3
20150302,128.1
20150303,122.9
20150304,122.1
20150305,137.9
20150306,125.4
20150307,135.7
20150308,122.3
20150309,121.2
20150310,119.2
20150311,129.9
20150312,125.1
20150313,117.9
20150314,114.3
20150315,113.1
20150316,116.0
20150317,113.2
20150318,113.7
20150319,108.3
20150320,111.8
20150321,112.7
20150322,121.5
20150323,127.2
20150324,132.2
20150325,137.0
20150326,135.5
20150327,137.2
20150328,145.1
20150329,144.0
20150330,133.3
20150331,127.8
20150401,123.9
20150402,121.2
20150403,119.8
20150404,122.4
20150405,122.3
20150406,125.8
20150407,111.4
20150408,106.3
20150409,111.6
20150410,115.5
20150411,123.5
20150412,134.6
20150413,142.1
20150414,147.7
20150415,155.7
20150416,151.3
20150417,150.8
20150418,148.9
20150419,153.0
20150420,151.0
20150421,155.3
20150422,151.8
20150423,142.0
20150424,136.0
20150425,127.4
20150426,120.0
20150427,108.9
20150428,109.2
20150429,105.5
20150430,103.3
20150501,101.4
20150502,107.3
20150503,112.9
20150504,125.4
20150505,130.0
20150506,138.6
20150507,149.2
20150508,152.6
20150509,157.5
20150510,163.1
20150511,166.2
20150512,166.5
20150513,160.3
20150514,148.2
20150515,139.5
20150516,134.0
20150517,122.3
20150518,117.6
20150519,112.9
20150520,108.2
20150521,104.3
20150522,101.6
20150523,100.2
20150524,101.2
20150525,99.0
20150526,97.0
20150527,97.8
20150528,95.5
20150529,94.8
20150530,97.7
20150531,97.0
20150601,103.2
20150602,103.9
20150603,111.6
20150604,121.4
20150605,129.7
20150606,136.6
20150607,141.4
20150608,138.2
20150609,140.6
20150610,139.5
20150611,144.2
20150612,141.0
20150613,140.3
20150614,135.8
20150615,139.1
20150616,140.5
20150617,140.2
20150618,155.7
20150619,141.8
20150620,139.8
20150621,136.0
20150622,255.0
20150623,119.9
20150624,113.1
20150625,105.2
20150626,104.6
20150627,100.5
20150628,100.5
20150629,100.4
20150630,104.2
20150701,113.3
20150702,117.6
20150703,116.1
20150704,120.7
20150705,129.0
20150706,137.9
20150707,137.1
20150708,133.2
20150709,126.0
20150710,133.3
20150711,124.3
20150712,119.9
20150713,113.8
20150714,108.7
20150715,104.4
20150716,102.9
20150717,100.6
20150718,99.1
20150719,102.6
20150720,96.3
20150721,94.0
20150722,91.9
20150723,92.2
20150724,95.2
20150725,96.9
20150726,100.1
20150727,103.2
20150728,104.2
20150729,103.8
20150730,105.1
20150731,103.8
20150801,106.0
20150802,104.5
20150803,108.7
20150804,109.9
20150805,115.5
20150806,125.1
20150807,125.5
20150808,124.4
20150809,117.6
20150810,109.1
20150811,105.6
20150812,101.9
20150813,97.3
20150814,95.7
20150815,91.7
20150816,87.8
20150817,89.2
20150818,90.9
20150819,100.6
20150820,105.3
20150821,121.4
20150822,119.6
20150823,136.1
20150824,130.6
20150825,123.9
20150826,128.9
20150827,112.5
20150828,111.3
20150829,102.1
20150830,93.4
20150831,92.7
20150901,90.7
20150902,89.8
20150903,88.0
20150904,91.5
20150905,86.8
20150906,86.9
20150907,85.0
20150908,84.7
20150909,83.5
20150910,84.6
20150911,94.1
20150912,100.4
20150913,100.0
20150914,97.7
20150915,102.2
20150916,110.6
20150917,107.9
20150918,103.8
20150919,106.7
20150920,111.3
20150921,104.2
20150922,107.8
20150923,111.4
20150924,107.4
20150925,120.5
20150926,120.8
20150927,128.1
20150928,124.5
20150929,129.6
20150930,131.5
20151001,120.0
20151002,107.6
20151003,97.0
20151004,88.3
20151005,82.6
20151006,81.3
20151007,80.4
20151008,79.5
20151009,81.0
20151010,81.2
20151011,84.3
20151012,88.7
20151013,95.2
20151014,100.2
20151015,106.1
20151016,108.4
20151017,115.8
20151018,118.6
20151019,122.7
20151020,121.7
20151021,127.8
20151022,119.3
20151023,113.7
20151024,105.2
20151025,105.2
20151026,104.9
20151027,108.7
20151028,110.7
20151029,111.4
20151030,119.5
20151031,116.7
20151101,122.4
20151102,120.1
20151103,122.2
20151104,112.0
20151105,108.1
20151106,113.2
20151107,112.9
20151108,105.7
20151109,105.6
20151110,103.3
20151111,102.9
20151112,101.4
20151113,100.8
20151114,104.1
20151115,103.5
20151116,103.2
20151117,104.6
20151118,105.1
20151119,105.6
20151120,108.4
20151121,119.2
20151122,119.9
20151123,116.7
20151124,110.3
20151125,106.2
20151126,101.2
20151127,96.3
20151128,94.0
20151129,92.9
20151130,93.1
20151201,91.9
20151202,92.6
20151203,91.8
20151204,94.8
20151205,97.6
20151206,99.3
20151207,97.8
20151208,107.9
20151209,105.5
20151210,105.2
20151211,110.3
20151212,113.1
20151213,118.7
20151214,120.2
20151215,115.2
20151216,122.2
20151217,114.0
20151218,113.3
20151219,115.2
20151220,112.8
20151221,117.8
20151222,125.8
20151223,129.5
20151224,128.4
20151225,122.3
20151226,113.5
20151227,106.7
20151228,108.4
20151229,101.9
20151230,98.1
20151231,93.0
20160101,95.1
20160102,96.6
20160103,98.5
20160104,92.2
20160105,92.1
20160106,96.9
20160107,99.9
20160108,104.9
20160109,103.5
20160110,105.4
20160111,104.5
20160112,102.0
20160113,100.7
20160114,99.9
20160115,100.1
20160116,96.7
20160117,97.4
20160118,96.7
20160119,94.4
20160120,97.2
20160121,100.7
20160122,97.3
20160123,95.8
20160124,100.6
20160125,104.3
20160126,111.3
20160127,109.3
20160128,106.6
20160129,103.7
20160130,102.0
20160131,98.3
20160201,97.3
20160202,99.1
20160203,108.9
20160204,119.8
20160205,116.3
20160206,113.9
20160207,113.9
20160208,112.1
20160209,114.1
20160210,109.2
20160211,109.8
20160212,109.3
20160213,107.5
20160214,105.4
20160215,104.7
20160216,101.5
20160217,97.5
20160218,92.7
20160219,91.9
20160220,97.8
20160221,93.5
20160222,91.7
20160223,89.1
20160224,86.1
20160225,89.9
20160226,87.2
20160227,88.6
20160228,91.5
20160229,89.3
20160301,95.1
20160302,96.5
20160303,97.1
20160304,98.9
20160305,94.7
20160306,94.1
20160307,92.8
20160308,94.2
20160309,96.0
20160310,93.7
20160311,93.0
20160312,93.9
20160313,91.5
20160314,92.4
20160315,93.1
20160316,90.1
20160317,90.7
20160318,89.5
20160319,88.6
20160320,86.9
20160321,88.2
20160322,86.7
20160323,86.2
20160324,86.0
20160325,85.1
20160326,85.1
20160327,87.9
20160328,87.4
20160329,87.5
20160330,83.6
20160331,81.6
20160401,82.0
20160402,81.5
20160403,82.3
20160404,83.5
20160405,83.5
20160406,87.2
20160407,92.5
20160408,98.6
20160409,105.9
20160410,111.1
20160411,117.2
20160412,111.9
20160413,108.8
20160414,111.8
20160415,113.2
20160416,114.0
20160417,102.9
20160418,95.4
20160419,89.9
20160420,84.0
20160421,77.5
20160422,77.5
20160423,79.6
20160424,82.8
20160425,82.9
20160426,86.3
20160427,93.8
20160428,96.3
20160429,93.8
20160430,95.4
20160501,93.6
20160502,91.3
20160503,91.5
20160504,91.6
20160505,88.7
20160506,91.2
20160507,89.7
20160508,85.6
20160509,90.2
20160510,90.5
20160511,95.8
20160512,93.9
20160513,95.4
20160514,103.4
20160515,110.8
20160516,104.3
20160517,105.6
20160518,104.7
20160519,101.2
20160520,102.0
20160521,100.2
20160522,99.8
20160523,99.8
20160524,96.7
20160525,96.1
20160526,94.2
20160527,92.8
20160528,90.1
20160529,85.3
20160530,88.7
20160531,89.0
20160601,88.4
20160602,87.7
20160603,85.7
20160604,82.4
20160605,81.5
20160606,80.8
20160607,80.8
20160608,82.6
20160609,87.8
20160610,87.5
20160611,90.9
20160612,97.1
20160613,93.9
20160614,90.4
20160615,90.1
20160616,91.0
20160617,89.4
20160618,86.3
20160619,87.9
20160620,87.1
20160621,82.9
20160622,80.9
20160623,80.0
20160624,78.2
20160625,79.6
20160626,79.2
20160627,78.0
20160628,75.5
20160629,76.0
20160630,75.4
20160701,74.4
20160702,73.3
20160703,74.8
20160704,76.3
20160705,74.9
20160706,79.7
20160707,86.1
20160708,90.0
20160709,95.3
20160710,97.6
20160711,97.8
20160712,95.5
20160713,100.0
20160714,98.2
20160715,105.4
20160716,110.1
20160717,108.6
20160718,110.6
20160719,104.1
20160720,111.5
20160721,103.3
20160722,93.3
20160723,88.9
20160724,84.8
20160725,75.9
20160726,75.9
20160727,73.8
20160728,72.5
20160729,72.6
20160730,73.1
20160731,73.7
20160801,74.1
20160802,77.1
20160803,77.0
20160804,78.5
20160805,82.1
20160806,85.5
20160807,95.3
20160808,99.0
20160809,94.9
20160810,97.6
20160811,97.2
20160812,97.3
20160813,92.9
20160814,89.4
20160815,89.8
20160816,88.7
20160817,84.9
20160818,84.4
20160819,82.7
20160820,80.0
20160821,78.4
20160822,81.8
20160823,83.1
20160824,79.7
20160825,80.3
20160826,83.6
20160827,85.6
20160828,87.1
20160829,89.5
20160830,102.3
20160831,99.3
20160901,96.9
20160902,96.3
20160903,100.7
20160904,99.0
20160905,95.3
20160906,93.9
20160907,94.4
20160908,95.9
20160909,92.3
20160910,94.3
20160911,87.5
20160912,87.5
20160913,87.0
20160914,86.2
20160915,85.3
20160916,84.5
20160917,81.0
20160918,83.8
20160919,83.3
20160920,85.2
20160921,86.1
20160922,85.7
20160923,86.1
20160924,85.4
20160925,85.1
20160926,87.2
20160927,85.9
20160928,84.8
20160929,83.0
20160930,80.8
20161001,81.2
20161002,82.4
20161003,87.9
20161004,93.1
20161005,99.3
20161006,101.4
20161007,104.0
20161008,104.1
20161009,104.2
20161010,101.6
20161011,98.8
20161012,97.2
20161013,94.8
20161014,92.3
20161015,84.4
20161016,80.4
20161017,75.6
20161018,76.8
20161019,75.8
20161020,74.0
20161021,77.1
20161022,76.7
20161023,76.0
20161024,74.5
20161025,76.9
20161026,77.1
20161027,77.8
20161028,78.2
20161029,78.0
20161030,75.1
20161031,75.5
20161101,75.4
20161102,74.8
20161103,74.4
20161104,75.4
20161105,75.3
20161106,74.9
20161107,75.1
20161108,75.4
20161109,78.3
20161110,78.6
20161111,76.8
20161112,76.8
20161113,76.2
20161114,75.6
20161115,74.9
20161116,79.1
20161117,76.8
20161118,75.8
20161119,74.9
20161120,74.6
20161121,73.1
20161122,75.4
20161123,75.7
20161124,77.0
20161125,78.8
20161126,79.1
20161127,80.4
20161128,82.9
20161129,83.1
20161130,81.3
20161201,82.1
20161202,82.0
20161203,82.2
20161204,80.0
20161205,80.3
20161206,77.4
20161207,74.9
20161208,72.6
20161209,70.7
20161210,70.0
20161211,69.2
20161212,68.6
20161213,69.0
20161214,70.1
20161215,70.2
20161216,70.3
20161217,69.8
20161218,70.0
20161219,70.5
20161220,72.5
20161221,72.6
20161222,72.4
20161223,71.3
20161224,70.7
20161225,70.1
20161226,71.4
20161227,71.3
20161228,70.9
20161229,70.9
20161230,71.2
20161231,71.1
20170101,70.1
20170102,70.6
20170103,71.0
20170104,70.0
20170105,70.9
20170106,69.6
20170107,69.7
20170108,69.2
20170109,68.9
20170110,70.3
20170111,72.0
20170112,73.0
20170113,72.4
20170114,74.1
20170115,75.0
20170116,75.8
20170117,76.1
20170118,76.1
20170119,77.0
20170120,80.6
20170121,83.4
20170122,84.0
20170123,81.5
20170124,79.7
20170125,82.5
20170126,80.6
20170127,77.9
20170128,76.1
20170129,74.4
20170130,74.7
20170131,73.8
20170201,73.9
20170202,73.1
20170203,73.0
20170204,71.9
20170205,70.6
20170206,70.5
20170207,70.1
20170208,71.1
20170209,71.5
20170210,72.1
20170211,73.8
20170212,74.3
20170213,73.0
20170214,72.7
20170215,73.0
20170216,72.2
20170217,72.8
20170218,74.9
20170219,76.4
20170220,78.9
20170221,80.7
20170222,81.4
20170223,81.6
20170224,80.5
20170225,78.5
20170226,77.5
20170227,80.6
20170228,80.1
20170301,79.3
20170302,77.8
20170303,76.7
20170304,73.9
20170305,71.6
20170306,71.3
20170307,70.6
20170308,69.6
20170309,70.3
20170310,70.0
20170311,69.1
20170312,69.2
20170313,69.5
20170314,68.8
20170315,69.1
20170316,69.7
20170317,69.9
20170318,69.6
20170319,70.5
20170320,72.1
20170321,70.5
20170322,72.0
20170323,71.5
20170324,71.9
20170325,73.7
20170326,76.8
20170327,82.5
20170328,83.4
20170329,83.1
20170330,85.7
20170331,90.4
20170401,100.9
20170402,111.9
20170403,107.9
20170404,93.9
20170405,84.7
20170406,75.8
20170407,74.1
20170408,73.3
20170409,74.7
20170410,73.9
20170411,74.9
20170412,71.8
20170413,73.9
20170414,73.3
20170415,73.5
20170416,75.0
20170417,75.8
20170418,86.4
20170419,81.6
20170420,81.4
20170421,83.1
20170422,84.5
20170423,83.4
20170424,81.1
20170425,82.3
20170426,80.6
20170427,79.3
20170428,79.1
20170429,78.2
20170430,78.6
20170501,76.4
20170502,78.4
20170503,76.2
20170504,75.4
20170505,74.8
20170506,74.1
20170507,73.0
20170508,71.8
20170509,70.2
20170510,69.9
20170511,70.5
20170512,70.4
20170513,71.9
20170514,72.7
20170515,72.2
20170516,73.5
20170517,73.1
20170518,73.9
20170519,74.0
20170520,74.2
20170521,75.3
20170522,76.3
20170523,77.9
20170524,79.9
20170525,78.1
20170526,82.4
20170527,84.1
20170528,81.0
20170529,77.9
20170530,75.7
20170531,76.2
20170601,77.9
20170602,80.4
20170603,80.2
20170604,79.9
20170605,81.8
20170606,77.6
20170607,77.8
20170608,76.2
20170609,76.0
20170610,77.0
20170611,76.6
20170612,77.5
20170613,77.2
20170614,76.4
20170615,79.9
20170616,75.8
20170617,77.2
20170618,77.3
20170619,76.0
20170620,76.9
20170621,76.2
20170622,76.1
20170623,76.1
20170624,76.6
20170625,76.2
20170626,76.2
20170627,76.6
20170628,74.5
20170629,74.2
20170630,73.9
20170701,73.1
20170702,73.6
20170703,74.1
20170704,74.2
20170705,75.5
20170706,78.5
20170707,82.2
20170708,89.5
20170709,94.0
20170710,98.2
20170711,94.1
20170712,93.2
20170713,95.3
20170714,97.0
20170715,94.6
20170716,89.3
20170717,88.4
20170718,80.8
20170719,75.5
20170720,72.5
20170721,71.6
20170722,71.8
20170723,72.8
20170724,72.3
20170725,72.0
20170726,70.7
20170727,70.5
20170728,71.6
20170729,72.1
20170730,71.7
20170731,74.4
20170801,75.7
20170802,76.6
20170803,77.3
20170804,76.3
20170805,76.3
20170806,75.6
20170807,74.8
20170808,73.0
20170809,73.4
20170810,73.0
20170811,71.7
20170812,72.2
20170813,70.0
20170814,74.9
20170815,76.1
20170816,79.2
20170817,78.5
20170818,82.0
20170819,88.9
20170820,88.0
20170821,89.1
20170822,92.3
20170823,87.0
20170824,80.5
20170825,82.5
20170826,79.2
20170827,79.8
20170828,83.2
20170829,85.9
20170830,88.6
20170831,93.6
20170901,95.1
20170902,101.7
20170903,122.2
20170904,185.5
20170905,122.5
20170906,134.9
20170907,130.4
20170908,118.5
20170909,108.7
20170910,101.6
20170911,80.9
20170912,76.4
20170913,76.0
20170914,75.1
20170915,73.6
20170916,72.9
20170917,72.9
20170918,72.9
20170919,71.3
20170920,74.5
20170921,73.6
20170922,78.1
20170923,81.7
20170924,87.4
20170925,90.4
20170926,91.1
20170927,91.3
20170928,91.2
20170929,90.0
20170930,89.6
20171001,85.9
20171002,86.1
20171003,86.5
20171004,86.8
20171005,84.7
20171006,84.0
20171007,79.5
20171008,76.5
20171009,72.1
20171010,70.7
20171011,69.3
20171012,69.9
20171013,69.4
20171014,68.6
20171015,69.9
20171016,70.4
20171017,69.8
20171018,72.7
20171019,72.8
20171020,75.1
20171021,75.7
20171022,76.5
20171023,77.2
20171024,76.7
20171025,77.9
20171026,76.4
20171027,75.0
20171028,74.4
20171029,74.3
20171030,74.5
20171031,74.2
20171101,71.5
20171102,72.4
20171103,72.0
20171104,70.9
20171105,69.9
20171106,68.1
20171107,67.0
20171108,66.4
20171109,64.6
20171110,67.2
20171111,65.9
20171112,68.0
20171113,70.6
20171114,72.8
20171115,72.6
20171116,71.6
20171117,74.7
20171118,74.3
20171119,72.7
20171120,71.8
20171121,71.4
20171122,71.6
20171123,70.6
20171124,72.2
20171125,72.4
20171126,73.5
20171127,71.7
20171128,70.0
20171129,70.6
20171130,69.8
20171201,68.3
20171202,69.5
20171203,67.0
20171204,66.4
20171205,66.0
20171206,66.3
20171207,65.9
20171208,67.8
20171209,69.0
20171210,69.8
20171211,70.1
20171212,69.2
20171213,69.9
20171214,69.8
20171215,69.5
20171216,69.0
20171217,68.8
20171218,69.4
20171219,66.6
20171220,71.8
20171221,73.6
20171222,72.9
20171223,73.7
20171224,73.6
20171225,73.2
20171226,69.5
20171227,68.6
20171228,68.8
20171229,69.1
20171230,68.1
20171231,68.3
20180101,66.8
20180102,67.2
20180103,68.3
20180104,67.2
20180105,67.0
20180106,67.1
20180107,67.6
20180108,68.0
20180109,68.5
20180110,68.1
20180111,68.5
20180112,68.6
20180113,68.5
20180114,68.2
20180115,67.9
20180116,68.8
20180117,68.6
20180118,68.8
20180119,68.5
20180120,67.4
20180121,66.1
20180122,67.9
20180123,68.3
20180124,67.7
20180125,68.2
20180126,67.7
20180127,67.1
20180128,65.8
20180129,66.0
20180130,67.6
20180131,66.9
20180201,67.0
20180202,66.6
20180203,68.3
20180204,69.0
20180205,72.2
20180206,73.0
20180207,75.3
20180208,76.3
20180209,75.3
20180210,76.9
20180211,75.3
20180212,76.4
20180213,73.4
20180214,73.3
20180215,71.0
20180216,70.3
20180217,70.5
20180218,68.3
20180219,68.2
20180220,66.9
20180221,66.4
20180222,66.7
20180223,66.6
20180224,66.1
20180225,66.0
20180226,67.9
20180227,66.5
20180228,67.2
20180301,66.0
20180302,66.6
20180303,66.7
20180304,66.4
20180305,66.5
20180306,66.5
20180307,66.8
20180308,65.6
20180309,66.6
20180310,66.8
20180311,66.9
20180312,67.3
20180313,67.7
20180314,66.9
20180315,68.3
20180316,67.9
20180317,69.0
20180318,68.5
20180319,69.7
20180320,68.2
20180321,68.8
20180322,68.0
20180323,67.7
20180324,67.2
20180325,68.0
20180326,67.5
20180327,68.0
20180328,68.3
20180329,68.8
20180330,68.6
20180331,68.9
20180401,68.9
20180402,68.4
20180403,67.8
20180404,68.6
20180405,66.4
20180406,67.4
20180407,67.0
20180408,68.1
20180409,68.9
20180410,68.8
20180411,68.6
20180412,70.4
20180413,70.1
20180414,69.9
20180415,71.0
20180416,69.7
20180417,69.8
20180418,71.4
20180419,71.4
20180420,73.7
20180421,77.5
20180422,76.5
20180423,74.7
20180424,73.7
20180425,71.6
20180426,70.3
20180427,69.6
20180428,71.1
20180429,72.2
20180430,71.3
